<?xml version="1.0" encoding="utf-8"?>
<extension type="component" version="2.5.0" method="upgrade">
    <name>COM_MENUMODULES</name>
    <author>Rob Hoffmann</author>
    <creationDate>2015-06-10</creationDate>
    <copyright>Copyright (c) Rob Hoffmann. All rights reserved.</copyright>
    <license>MIT</license>
    <authorEmail>rhoffmann8@gmail.com</authorEmail>
    <authorUrl>rhoffmann8.github.io</authorUrl>
    <version>1.0.0</version>
    <description>COM_MENUMODULES_DESC</description>
    <administration>
        <menu>COM_MENUMODULES_MENU</menu>
        <files folder="admin">
            <filename>config.xml</filename>
            <filename>controller.php</filename>
            <filename>index.html</filename>
            <filename>menumodules.php</filename>
            <folder>assets</folder>
            <folder>controllers</folder>
            <folder>language</folder>
            <folder>models</folder>
            <folder>views</folder>
        </files>
    </administration>
    <languages folder="admin">
            <language tag="en-GB">language/en-GB/en-GB.com_menumodules.ini</language>
            <language tag="en-GB">language/en-GB/en-GB.com_menumodules.sys.ini</language>
        </languages>
</extension>
